施設,年月日,時刻,人数
近江町市場,2024/10/16,0,0
近江町市場,2024/10/16,1,0
近江町市場,2024/10/16,2,0
近江町市場,2024/10/16,3,0
近江町市場,2024/10/16,4,0
近江町市場,2024/10/16,5,0
近江町市場,2024/10/16,6,0
近江町市場,2024/10/16,7,0
近江町市場,2024/10/16,8,0
近江町市場,2024/10/16,9,0
近江町市場,2024/10/16,10,0
近江町市場,2024/10/16,11,0
近江町市場,2024/10/16,12,0
近江町市場,2024/10/16,13,0
近江町市場,2024/10/16,14,0
近江町市場,2024/10/16,15,0
近江町市場,2024/10/16,16,0
近江町市場,2024/10/16,17,1
近江町市場,2024/10/16,18,0
近江町市場,2024/10/16,19,0
近江町市場,2024/10/16,20,0
近江町市場,2024/10/16,21,0
近江町市場,2024/10/16,22,0
近江町市場,2024/10/16,23,0
近江町市場,2024/10/17,0,0
近江町市場,2024/10/17,1,0
近江町市場,2024/10/17,2,0
近江町市場,2024/10/17,3,0
近江町市場,2024/10/17,4,0
近江町市場,2024/10/17,5,0
近江町市場,2024/10/17,6,0
近江町市場,2024/10/17,7,0
近江町市場,2024/10/17,8,0
近江町市場,2024/10/17,9,0
近江町市場,2024/10/17,10,0
近江町市場,2024/10/17,11,64
近江町市場,2024/10/17,12,70
近江町市場,2024/10/17,13,75
近江町市場,2024/10/17,14,71
近江町市場,2024/10/17,15,49
近江町市場,2024/10/17,16,47
近江町市場,2024/10/17,17,34
近江町市場,2024/10/17,18,19
近江町市場,2024/10/17,19,20
近江町市場,2024/10/17,20,14
近江町市場,2024/10/17,21,6
近江町市場,2024/10/17,22,6
近江町市場,2024/10/17,23,5
近江町市場,2024/10/18,0,3
近江町市場,2024/10/18,1,2
近江町市場,2024/10/18,2,3
近江町市場,2024/10/18,3,2
近江町市場,2024/10/18,4,7
近江町市場,2024/10/18,5,10
近江町市場,2024/10/18,6,11
近江町市場,2024/10/18,7,22
近江町市場,2024/10/18,8,40
近江町市場,2024/10/18,9,60
近江町市場,2024/10/18,10,64
近江町市場,2024/10/18,11,70
近江町市場,2024/10/18,12,93
近江町市場,2024/10/18,13,97
近江町市場,2024/10/18,14,73
近江町市場,2024/10/18,15,64
近江町市場,2024/10/18,16,50
近江町市場,2024/10/18,17,28
近江町市場,2024/10/18,18,25
近江町市場,2024/10/18,19,19
近江町市場,2024/10/18,20,15
近江町市場,2024/10/18,21,10
近江町市場,2024/10/18,22,3
近江町市場,2024/10/18,23,8
近江町市場,2024/10/19,0,3
近江町市場,2024/10/19,1,1
近江町市場,2024/10/19,2,3
近江町市場,2024/10/19,3,4
近江町市場,2024/10/19,4,6
近江町市場,2024/10/19,5,8
近江町市場,2024/10/19,6,16
近江町市場,2024/10/19,7,28
近江町市場,2024/10/19,8,44
近江町市場,2024/10/19,9,69
近江町市場,2024/10/19,10,75
近江町市場,2024/10/19,11,62
近江町市場,2024/10/19,12,72
近江町市場,2024/10/19,13,80
近江町市場,2024/10/19,14,76
近江町市場,2024/10/19,15,65
近江町市場,2024/10/19,16,52
近江町市場,2024/10/19,17,30
近江町市場,2024/10/19,18,24
近江町市場,2024/10/19,19,21
近江町市場,2024/10/19,20,10
近江町市場,2024/10/19,21,8
近江町市場,2024/10/19,22,7
近江町市場,2024/10/19,23,5
近江町市場,2024/10/20,0,4
近江町市場,2024/10/20,1,4
近江町市場,2024/10/20,2,1
近江町市場,2024/10/20,3,2
近江町市場,2024/10/20,4,7
近江町市場,2024/10/20,5,8
近江町市場,2024/10/20,6,8
近江町市場,2024/10/20,7,21
近江町市場,2024/10/20,8,35
近江町市場,2024/10/20,9,71
近江町市場,2024/10/20,10,71
近江町市場,2024/10/20,11,71
近江町市場,2024/10/20,12,86
近江町市場,2024/10/20,13,90
近江町市場,2024/10/20,14,72
近江町市場,2024/10/20,15,67
近江町市場,2024/10/20,16,44
近江町市場,2024/10/20,17,36
近江町市場,2024/10/20,18,17
近江町市場,2024/10/20,19,18
近江町市場,2024/10/20,20,13
近江町市場,2024/10/20,21,9
近江町市場,2024/10/20,22,6
近江町市場,2024/10/20,23,7
近江町市場,2024/10/21,0,1
近江町市場,2024/10/21,1,3
近江町市場,2024/10/21,2,3
近江町市場,2024/10/21,3,3
近江町市場,2024/10/21,4,7
近江町市場,2024/10/21,5,11
近江町市場,2024/10/21,6,14
近江町市場,2024/10/21,7,28
近江町市場,2024/10/21,8,39
近江町市場,2024/10/21,9,88
近江町市場,2024/10/21,10,92
近江町市場,2024/10/21,11,83
近江町市場,2024/10/21,12,76
近江町市場,2024/10/21,13,75
近江町市場,2024/10/21,14,71
近江町市場,2024/10/21,15,65
近江町市場,2024/10/21,16,49
近江町市場,2024/10/21,17,41
近江町市場,2024/10/21,18,27
近江町市場,2024/10/21,19,21
近江町市場,2024/10/21,20,15
近江町市場,2024/10/21,21,6
近江町市場,2024/10/21,22,5
近江町市場,2024/10/21,23,1
近江町市場,2024/10/22,0,2
近江町市場,2024/10/22,1,0
近江町市場,2024/10/22,2,2
近江町市場,2024/10/22,3,1
近江町市場,2024/10/22,4,5
近江町市場,2024/10/22,5,11
近江町市場,2024/10/22,6,14
近江町市場,2024/10/22,7,23
近江町市場,2024/10/22,8,42
近江町市場,2024/10/22,9,54
近江町市場,2024/10/22,10,62
近江町市場,2024/10/22,11,71
近江町市場,2024/10/22,12,82
近江町市場,2024/10/22,13,87
近江町市場,2024/10/22,14,78
近江町市場,2024/10/22,15,53
近江町市場,2024/10/22,16,38
近江町市場,2024/10/22,17,25
近江町市場,2024/10/22,18,17
近江町市場,2024/10/22,19,24
近江町市場,2024/10/22,20,8
近江町市場,2024/10/22,21,8
近江町市場,2024/10/22,22,7
近江町市場,2024/10/22,23,6
近江町市場,2024/10/23,0,3
近江町市場,2024/10/23,1,6
近江町市場,2024/10/23,2,2
近江町市場,2024/10/23,3,4
近江町市場,2024/10/23,4,7
近江町市場,2024/10/23,5,8
近江町市場,2024/10/23,6,5
近江町市場,2024/10/23,7,11
近江町市場,2024/10/23,8,33
近江町市場,2024/10/23,9,44
近江町市場,2024/10/23,10,50
近江町市場,2024/10/23,11,60
近江町市場,2024/10/23,12,52
近江町市場,2024/10/23,13,39
近江町市場,2024/10/23,14,42
近江町市場,2024/10/23,15,40
近江町市場,2024/10/23,16,25
近江町市場,2024/10/23,17,24
近江町市場,2024/10/23,18,20
近江町市場,2024/10/23,19,10
近江町市場,2024/10/23,20,9
近江町市場,2024/10/23,21,3
近江町市場,2024/10/23,22,5
近江町市場,2024/10/23,23,3
近江町市場,2024/10/24,0,3
近江町市場,2024/10/24,1,2
近江町市場,2024/10/24,2,4
近江町市場,2024/10/24,3,4
近江町市場,2024/10/24,4,8
近江町市場,2024/10/24,5,10
近江町市場,2024/10/24,6,18
近江町市場,2024/10/24,7,32
近江町市場,2024/10/24,8,39
近江町市場,2024/10/24,9,62
近江町市場,2024/10/24,10,78
近江町市場,2024/10/24,11,71
近江町市場,2024/10/24,12,75
近江町市場,2024/10/24,13,79
近江町市場,2024/10/24,14,57
近江町市場,2024/10/24,15,47
近江町市場,2024/10/24,16,0
近江町市場,2024/10/24,17,0
近江町市場,2024/10/24,18,0
近江町市場,2024/10/24,19,0
近江町市場,2024/10/24,20,0
近江町市場,2024/10/24,21,0
近江町市場,2024/10/24,22,0
近江町市場,2024/10/24,23,0
兼六園,2024/10/16,0,0
兼六園,2024/10/16,1,0
兼六園,2024/10/16,2,0
兼六園,2024/10/16,3,0
兼六園,2024/10/16,4,0
兼六園,2024/10/16,5,0
兼六園,2024/10/16,6,0
兼六園,2024/10/16,7,0
兼六園,2024/10/16,8,0
兼六園,2024/10/16,9,0
兼六園,2024/10/16,10,0
兼六園,2024/10/16,11,0
兼六園,2024/10/16,12,0
兼六園,2024/10/16,13,0
兼六園,2024/10/16,14,0
兼六園,2024/10/16,15,0
兼六園,2024/10/16,16,0
兼六園,2024/10/16,17,0
兼六園,2024/10/16,18,0
兼六園,2024/10/16,19,0
兼六園,2024/10/16,20,0
兼六園,2024/10/16,21,0
兼六園,2024/10/16,22,0
兼六園,2024/10/16,23,0
兼六園,2024/10/17,0,0
兼六園,2024/10/17,1,0
兼六園,2024/10/17,2,0
兼六園,2024/10/17,3,0
兼六園,2024/10/17,4,0
兼六園,2024/10/17,5,0
兼六園,2024/10/17,6,0
兼六園,2024/10/17,7,0
兼六園,2024/10/17,8,0
兼六園,2024/10/17,9,0
兼六園,2024/10/17,10,0
兼六園,2024/10/17,11,25
兼六園,2024/10/17,12,28
兼六園,2024/10/17,13,30
兼六園,2024/10/17,14,28
兼六園,2024/10/17,15,19
兼六園,2024/10/17,16,18
兼六園,2024/10/17,17,13
兼六園,2024/10/17,18,7
兼六園,2024/10/17,19,8
兼六園,2024/10/17,20,5
兼六園,2024/10/17,21,2
兼六園,2024/10/17,22,2
兼六園,2024/10/17,23,2
兼六園,2024/10/18,0,1
兼六園,2024/10/18,1,0
兼六園,2024/10/18,2,1
兼六園,2024/10/18,3,0
兼六園,2024/10/18,4,2
兼六園,2024/10/18,5,4
兼六園,2024/10/18,6,4
兼六園,2024/10/18,7,8
兼六園,2024/10/18,8,16
兼六園,2024/10/18,9,24
兼六園,2024/10/18,10,25
兼六園,2024/10/18,11,28
兼六園,2024/10/18,12,37
兼六園,2024/10/18,13,38
兼六園,2024/10/18,14,29
兼六園,2024/10/18,15,25
兼六園,2024/10/18,16,20
兼六園,2024/10/18,17,11
兼六園,2024/10/18,18,10
兼六園,2024/10/18,19,7
兼六園,2024/10/18,20,6
兼六園,2024/10/18,21,4
兼六園,2024/10/18,22,1
兼六園,2024/10/18,23,3
兼六園,2024/10/19,0,1
兼六園,2024/10/19,1,0
兼六園,2024/10/19,2,1
兼六園,2024/10/19,3,1
兼六園,2024/10/19,4,2
兼六園,2024/10/19,5,3
兼六園,2024/10/19,6,6
兼六園,2024/10/19,7,11
兼六園,2024/10/19,8,17
兼六園,2024/10/19,9,27
兼六園,2024/10/19,10,30
兼六園,2024/10/19,11,24
兼六園,2024/10/19,12,28
兼六園,2024/10/19,13,32
兼六園,2024/10/19,14,30
兼六園,2024/10/19,15,26
兼六園,2024/10/19,16,20
兼六園,2024/10/19,17,12
兼六園,2024/10/19,18,9
兼六園,2024/10/19,19,8
兼六園,2024/10/19,20,4
兼六園,2024/10/19,21,3
兼六園,2024/10/19,22,2
兼六園,2024/10/19,23,2
兼六園,2024/10/20,0,1
兼六園,2024/10/20,1,1
兼六園,2024/10/20,2,0
兼六園,2024/10/20,3,0
兼六園,2024/10/20,4,2
兼六園,2024/10/20,5,3
兼六園,2024/10/20,6,3
兼六園,2024/10/20,7,8
兼六園,2024/10/20,8,14
兼六園,2024/10/20,9,28
兼六園,2024/10/20,10,28
兼六園,2024/10/20,11,28
兼六園,2024/10/20,12,34
兼六園,2024/10/20,13,36
兼六園,2024/10/20,14,28
兼六園,2024/10/20,15,26
兼六園,2024/10/20,16,17
兼六園,2024/10/20,17,14
兼六園,2024/10/20,18,6
兼六園,2024/10/20,19,7
兼六園,2024/10/20,20,5
兼六園,2024/10/20,21,3
兼六園,2024/10/20,22,2
兼六園,2024/10/20,23,2
兼六園,2024/10/21,0,0
兼六園,2024/10/21,1,1
兼六園,2024/10/21,2,1
兼六園,2024/10/21,3,1
兼六園,2024/10/21,4,2
兼六園,2024/10/21,5,4
兼六園,2024/10/21,6,5
兼六園,2024/10/21,7,11
兼六園,2024/10/21,8,15
兼六園,2024/10/21,9,35
兼六園,2024/10/21,10,36
兼六園,2024/10/21,11,33
兼六園,2024/10/21,12,30
兼六園,2024/10/21,13,30
兼六園,2024/10/21,14,28
兼六園,2024/10/21,15,26
兼六園,2024/10/21,16,19
兼六園,2024/10/21,17,16
兼六園,2024/10/21,18,10
兼六園,2024/10/21,19,8
兼六園,2024/10/21,20,6
兼六園,2024/10/21,21,2
兼六園,2024/10/21,22,2
兼六園,2024/10/21,23,0
兼六園,2024/10/22,0,0
兼六園,2024/10/22,1,0
兼六園,2024/10/22,2,0
兼六園,2024/10/22,3,0
兼六園,2024/10/22,4,2
兼六園,2024/10/22,5,4
兼六園,2024/10/22,6,5
兼六園,2024/10/22,7,9
兼六園,2024/10/22,8,16
兼六園,2024/10/22,9,21
兼六園,2024/10/22,10,24
兼六園,2024/10/22,11,28
兼六園,2024/10/22,12,32
兼六園,2024/10/22,13,34
兼六園,2024/10/22,14,31
兼六園,2024/10/22,15,21
兼六園,2024/10/22,16,15
兼六園,2024/10/22,17,10
兼六園,2024/10/22,18,6
兼六園,2024/10/22,19,9
兼六園,2024/10/22,20,3
兼六園,2024/10/22,21,3
兼六園,2024/10/22,22,2
兼六園,2024/10/22,23,2
兼六園,2024/10/23,0,1
兼六園,2024/10/23,1,2
兼六園,2024/10/23,2,0
兼六園,2024/10/23,3,1
兼六園,2024/10/23,4,2
兼六園,2024/10/23,5,3
兼六園,2024/10/23,6,2
兼六園,2024/10/23,7,4
兼六園,2024/10/23,8,13
兼六園,2024/10/23,9,17
兼六園,2024/10/23,10,20
兼六園,2024/10/23,11,24
兼六園,2024/10/23,12,20
兼六園,2024/10/23,13,15
兼六園,2024/10/23,14,16
兼六園,2024/10/23,15,16
兼六園,2024/10/23,16,10
兼六園,2024/10/23,17,9
兼六園,2024/10/23,18,8
兼六園,2024/10/23,19,4
兼六園,2024/10/23,20,3
兼六園,2024/10/23,21,1
兼六園,2024/10/23,22,2
兼六園,2024/10/23,23,1
兼六園,2024/10/24,0,1
兼六園,2024/10/24,1,0
兼六園,2024/10/24,2,1
兼六園,2024/10/24,3,1
兼六園,2024/10/24,4,3
兼六園,2024/10/24,5,4
兼六園,2024/10/24,6,7
兼六園,2024/10/24,7,12
兼六園,2024/10/24,8,15
兼六園,2024/10/24,9,24
兼六園,2024/10/24,10,31
兼六園,2024/10/24,11,28
兼六園,2024/10/24,12,30
兼六園,2024/10/24,13,31
兼六園,2024/10/24,14,22
兼六園,2024/10/24,15,18
兼六園,2024/10/24,16,0
兼六園,2024/10/24,17,0
兼六園,2024/10/24,18,0
兼六園,2024/10/24,19,0
兼六園,2024/10/24,20,0
兼六園,2024/10/24,21,0
兼六園,2024/10/24,22,0
兼六園,2024/10/24,23,0
金沢城公園,2024/10/16,0,0
金沢城公園,2024/10/16,1,0
金沢城公園,2024/10/16,2,0
金沢城公園,2024/10/16,3,0
金沢城公園,2024/10/16,4,0
金沢城公園,2024/10/16,5,0
金沢城公園,2024/10/16,6,0
金沢城公園,2024/10/16,7,0
金沢城公園,2024/10/16,8,0
金沢城公園,2024/10/16,9,0
金沢城公園,2024/10/16,10,0
金沢城公園,2024/10/16,11,0
金沢城公園,2024/10/16,12,0
金沢城公園,2024/10/16,13,0
金沢城公園,2024/10/16,14,0
金沢城公園,2024/10/16,15,0
金沢城公園,2024/10/16,16,0
金沢城公園,2024/10/16,17,0
金沢城公園,2024/10/16,18,0
金沢城公園,2024/10/16,19,0
金沢城公園,2024/10/16,20,0
金沢城公園,2024/10/16,21,0
金沢城公園,2024/10/16,22,0
金沢城公園,2024/10/16,23,0
金沢城公園,2024/10/17,0,0
金沢城公園,2024/10/17,1,0
金沢城公園,2024/10/17,2,0
金沢城公園,2024/10/17,3,0
金沢城公園,2024/10/17,4,0
金沢城公園,2024/10/17,5,0
金沢城公園,2024/10/17,6,0
金沢城公園,2024/10/17,7,0
金沢城公園,2024/10/17,8,0
金沢城公園,2024/10/17,9,0
金沢城公園,2024/10/17,10,0
金沢城公園,2024/10/17,11,22
金沢城公園,2024/10/17,12,25
金沢城公園,2024/10/17,13,27
金沢城公園,2024/10/17,14,25
金沢城公園,2024/10/17,15,17
金沢城公園,2024/10/17,16,16
金沢城公園,2024/10/17,17,11
金沢城公園,2024/10/17,18,6
金沢城公園,2024/10/17,19,7
金沢城公園,2024/10/17,20,4
金沢城公園,2024/10/17,21,1
金沢城公園,2024/10/17,22,1
金沢城公園,2024/10/17,23,1
金沢城公園,2024/10/18,0,0
金沢城公園,2024/10/18,1,0
金沢城公園,2024/10/18,2,0
金沢城公園,2024/10/18,3,0
金沢城公園,2024/10/18,4,1
金沢城公園,2024/10/18,5,3
金沢城公園,2024/10/18,6,3
金沢城公園,2024/10/18,7,7
金沢城公園,2024/10/18,8,14
金沢城公園,2024/10/18,9,21
金沢城公園,2024/10/18,10,22
金沢城公園,2024/10/18,11,25
金沢城公園,2024/10/18,12,33
金沢城公園,2024/10/18,13,34
金沢城公園,2024/10/18,14,26
金沢城公園,2024/10/18,15,22
金沢城公園,2024/10/18,16,18
金沢城公園,2024/10/18,17,9
金沢城公園,2024/10/18,18,9
金沢城公園,2024/10/18,19,6
金沢城公園,2024/10/18,20,5
金沢城公園,2024/10/18,21,3
金沢城公園,2024/10/18,22,0
金沢城公園,2024/10/18,23,2
金沢城公園,2024/10/19,0,0
金沢城公園,2024/10/19,1,0
金沢城公園,2024/10/19,2,0
金沢城公園,2024/10/19,3,0
金沢城公園,2024/10/19,4,1
金沢城公園,2024/10/19,5,2
金沢城公園,2024/10/19,6,5
金沢城公園,2024/10/19,7,9
金沢城公園,2024/10/19,8,15
金沢城公園,2024/10/19,9,24
金沢城公園,2024/10/19,10,27
金沢城公園,2024/10/19,11,21
金沢城公園,2024/10/19,12,25
金沢城公園,2024/10/19,13,28
金沢城公園,2024/10/19,14,27
金沢城公園,2024/10/19,15,23
金沢城公園,2024/10/19,16,18
金沢城公園,2024/10/19,17,10
金沢城公園,2024/10/19,18,8
金沢城公園,2024/10/19,19,7
金沢城公園,2024/10/19,20,3
金沢城公園,2024/10/19,21,2
金沢城公園,2024/10/19,22,1
金沢城公園,2024/10/19,23,1
金沢城公園,2024/10/20,0,0
金沢城公園,2024/10/20,1,0
金沢城公園,2024/10/20,2,0
金沢城公園,2024/10/20,3,0
金沢城公園,2024/10/20,4,1
金沢城公園,2024/10/20,5,2
金沢城公園,2024/10/20,6,2
金沢城公園,2024/10/20,7,7
金沢城公園,2024/10/20,8,12
金沢城公園,2024/10/20,9,25
金沢城公園,2024/10/20,10,25
金沢城公園,2024/10/20,11,25
金沢城公園,2024/10/20,12,30
金沢城公園,2024/10/20,13,32
金沢城公園,2024/10/20,14,25
金沢城公園,2024/10/20,15,23
金沢城公園,2024/10/20,16,15
金沢城公園,2024/10/20,17,12
金沢城公園,2024/10/20,18,5
金沢城公園,2024/10/20,19,6
金沢城公園,2024/10/20,20,4
金沢城公園,2024/10/20,21,2
金沢城公園,2024/10/20,22,1
金沢城公園,2024/10/20,23,1
金沢城公園,2024/10/21,0,0
金沢城公園,2024/10/21,1,0
金沢城公園,2024/10/21,2,0
金沢城公園,2024/10/21,3,0
金沢城公園,2024/10/21,4,1
金沢城公園,2024/10/21,5,3
金沢城公園,2024/10/21,6,4
金沢城公園,2024/10/21,7,9
金沢城公園,2024/10/21,8,13
金沢城公園,2024/10/21,9,31
金沢城公園,2024/10/21,10,32
金沢城公園,2024/10/21,11,29
金沢城公園,2024/10/21,12,27
金沢城公園,2024/10/21,13,27
金沢城公園,2024/10/21,14,25
金沢城公園,2024/10/21,15,23
金沢城公園,2024/10/21,16,17
金沢城公園,2024/10/21,17,14
金沢城公園,2024/10/21,18,9
金沢城公園,2024/10/21,19,7
金沢城公園,2024/10/21,20,5
金沢城公園,2024/10/21,21,1
金沢城公園,2024/10/21,22,1
金沢城公園,2024/10/21,23,0
金沢城公園,2024/10/22,0,0
金沢城公園,2024/10/22,1,0
金沢城公園,2024/10/22,2,0
金沢城公園,2024/10/22,3,0
金沢城公園,2024/10/22,4,1
金沢城公園,2024/10/22,5,3
金沢城公園,2024/10/22,6,4
金沢城公園,2024/10/22,7,8
金沢城公園,2024/10/22,8,14
金沢城公園,2024/10/22,9,18
金沢城公園,2024/10/22,10,21
金沢城公園,2024/10/22,11,25
金沢城公園,2024/10/22,12,28
金沢城公園,2024/10/22,13,30
金沢城公園,2024/10/22,14,27
金沢城公園,2024/10/22,15,18
金沢城公園,2024/10/22,16,13
金沢城公園,2024/10/22,17,9
金沢城公園,2024/10/22,18,5
金沢城公園,2024/10/22,19,8
金沢城公園,2024/10/22,20,2
金沢城公園,2024/10/22,21,2
金沢城公園,2024/10/22,22,1
金沢城公園,2024/10/22,23,1
金沢城公園,2024/10/23,0,0
金沢城公園,2024/10/23,1,1
金沢城公園,2024/10/23,2,0
金沢城公園,2024/10/23,3,0
金沢城公園,2024/10/23,4,1
金沢城公園,2024/10/23,5,2
金沢城公園,2024/10/23,6,1
金沢城公園,2024/10/23,7,3
金沢城公園,2024/10/23,8,11
金沢城公園,2024/10/23,9,15
金沢城公園,2024/10/23,10,18
金沢城公園,2024/10/23,11,21
金沢城公園,2024/10/23,12,18
金沢城公園,2024/10/23,13,13
金沢城公園,2024/10/23,14,14
金沢城公園,2024/10/23,15,14
金沢城公園,2024/10/23,16,9
金沢城公園,2024/10/23,17,8
金沢城公園,2024/10/23,18,7
金沢城公園,2024/10/23,19,3
金沢城公園,2024/10/23,20,2
金沢城公園,2024/10/23,21,0
金沢城公園,2024/10/23,22,1
金沢城公園,2024/10/23,23,0
金沢城公園,2024/10/24,0,0
金沢城公園,2024/10/24,1,0
金沢城公園,2024/10/24,2,0
金沢城公園,2024/10/24,3,0
金沢城公園,2024/10/24,4,2
金沢城公園,2024/10/24,5,3
金沢城公園,2024/10/24,6,6
金沢城公園,2024/10/24,7,10
金沢城公園,2024/10/24,8,13
金沢城公園,2024/10/24,9,21
金沢城公園,2024/10/24,10,27
金沢城公園,2024/10/24,11,25
金沢城公園,2024/10/24,12,27
金沢城公園,2024/10/24,13,27
金沢城公園,2024/10/24,14,19
金沢城公園,2024/10/24,15,16
金沢城公園,2024/10/24,16,0
金沢城公園,2024/10/24,17,0
金沢城公園,2024/10/24,18,0
金沢城公園,2024/10/24,19,0
金沢城公園,2024/10/24,20,0
金沢城公園,2024/10/24,21,0
金沢城公園,2024/10/24,22,0
金沢城公園,2024/10/24,23,0
ひがし茶屋街,2024/10/16,0,0
ひがし茶屋街,2024/10/16,1,0
ひがし茶屋街,2024/10/16,2,0
ひがし茶屋街,2024/10/16,3,0
ひがし茶屋街,2024/10/16,4,0
ひがし茶屋街,2024/10/16,5,0
ひがし茶屋街,2024/10/16,6,0
ひがし茶屋街,2024/10/16,7,0
ひがし茶屋街,2024/10/16,8,0
ひがし茶屋街,2024/10/16,9,0
ひがし茶屋街,2024/10/16,10,0
ひがし茶屋街,2024/10/16,11,0
ひがし茶屋街,2024/10/16,12,0
ひがし茶屋街,2024/10/16,13,0
ひがし茶屋街,2024/10/16,14,0
ひがし茶屋街,2024/10/16,15,0
ひがし茶屋街,2024/10/16,16,0
ひがし茶屋街,2024/10/16,17,0
ひがし茶屋街,2024/10/16,18,0
ひがし茶屋街,2024/10/16,19,0
ひがし茶屋街,2024/10/16,20,0
ひがし茶屋街,2024/10/16,21,0
ひがし茶屋街,2024/10/16,22,0
ひがし茶屋街,2024/10/16,23,0
ひがし茶屋街,2024/10/17,0,0
ひがし茶屋街,2024/10/17,1,0
ひがし茶屋街,2024/10/17,2,0
ひがし茶屋街,2024/10/17,3,0
ひがし茶屋街,2024/10/17,4,0
ひがし茶屋街,2024/10/17,5,0
ひがし茶屋街,2024/10/17,6,0
ひがし茶屋街,2024/10/17,7,0
ひがし茶屋街,2024/10/17,8,0
ひがし茶屋街,2024/10/17,9,0
ひがし茶屋街,2024/10/17,10,0
ひがし茶屋街,2024/10/17,11,33
ひがし茶屋街,2024/10/17,12,37
ひがし茶屋街,2024/10/17,13,40
ひがし茶屋街,2024/10/17,14,37
ひがし茶屋街,2024/10/17,15,25
ひがし茶屋街,2024/10/17,16,24
ひがし茶屋街,2024/10/17,17,16
ひがし茶屋街,2024/10/17,18,9
ひがし茶屋街,2024/10/17,19,10
ひがし茶屋街,2024/10/17,20,6
ひがし茶屋街,2024/10/17,21,1
ひがし茶屋街,2024/10/17,22,1
ひがし茶屋街,2024/10/17,23,1
ひがし茶屋街,2024/10/18,0,0
ひがし茶屋街,2024/10/18,1,0
ひがし茶屋街,2024/10/18,2,0
ひがし茶屋街,2024/10/18,3,0
ひがし茶屋街,2024/10/18,4,1
ひがし茶屋街,2024/10/18,5,4
ひがし茶屋街,2024/10/18,6,4
ひがし茶屋街,2024/10/18,7,10
ひがし茶屋街,2024/10/18,8,21
ひがし茶屋街,2024/10/18,9,31
ひがし茶屋街,2024/10/18,10,33
ひがし茶屋街,2024/10/18,11,37
ひがし茶屋街,2024/10/18,12,49
ひがし茶屋街,2024/10/18,13,51
ひがし茶屋街,2024/10/18,14,39
ひがし茶屋街,2024/10/18,15,33
ひがし茶屋街,2024/10/18,16,27
ひがし茶屋街,2024/10/18,17,13
ひがし茶屋街,2024/10/18,18,13
ひがし茶屋街,2024/10/18,19,9
ひがし茶屋街,2024/10/18,20,7
ひがし茶屋街,2024/10/18,21,4
ひがし茶屋街,2024/10/18,22,0
ひがし茶屋街,2024/10/18,23,3
ひがし茶屋街,2024/10/19,0,0
ひがし茶屋街,2024/10/19,1,0
ひがし茶屋街,2024/10/19,2,0
ひがし茶屋街,2024/10/19,3,0
ひがし茶屋街,2024/10/19,4,1
ひがし茶屋街,2024/10/19,5,3
ひがし茶屋街,2024/10/19,6,7
ひがし茶屋街,2024/10/19,7,13
ひがし茶屋街,2024/10/19,8,22
ひがし茶屋街,2024/10/19,9,36
ひがし茶屋街,2024/10/19,10,40
ひがし茶屋街,2024/10/19,11,31
ひがし茶屋街,2024/10/19,12,37
ひがし茶屋街,2024/10/19,13,42
ひがし茶屋街,2024/10/19,14,40
ひがし茶屋街,2024/10/19,15,34
ひがし茶屋街,2024/10/19,16,27
ひがし茶屋街,2024/10/19,17,15
ひがし茶屋街,2024/10/19,18,12
ひがし茶屋街,2024/10/19,19,10
ひがし茶屋街,2024/10/19,20,4
ひがし茶屋街,2024/10/19,21,3
ひがし茶屋街,2024/10/19,22,1
ひがし茶屋街,2024/10/19,23,1
ひがし茶屋街,2024/10/20,0,0
ひがし茶屋街,2024/10/20,1,0
ひがし茶屋街,2024/10/20,2,0
ひがし茶屋街,2024/10/20,3,0
ひがし茶屋街,2024/10/20,4,1
ひがし茶屋街,2024/10/20,5,3
ひがし茶屋街,2024/10/20,6,3
ひがし茶屋街,2024/10/20,7,10
ひがし茶屋街,2024/10/20,8,18
ひがし茶屋街,2024/10/20,9,37
ひがし茶屋街,2024/10/20,10,37
ひがし茶屋街,2024/10/20,11,37
ひがし茶屋街,2024/10/20,12,45
ひがし茶屋街,2024/10/20,13,48
ひがし茶屋街,2024/10/20,14,37
ひがし茶屋街,2024/10/20,15,34
ひがし茶屋街,2024/10/20,16,22
ひがし茶屋街,2024/10/20,17,18
ひがし茶屋街,2024/10/20,18,7
ひがし茶屋街,2024/10/20,19,9
ひがし茶屋街,2024/10/20,20,6
ひがし茶屋街,2024/10/20,21,3
ひがし茶屋街,2024/10/20,22,1
ひがし茶屋街,2024/10/20,23,1
ひがし茶屋街,2024/10/21,0,0
ひがし茶屋街,2024/10/21,1,0
ひがし茶屋街,2024/10/21,2,0
ひがし茶屋街,2024/10/21,3,0
ひがし茶屋街,2024/10/21,4,1
ひがし茶屋街,2024/10/21,5,4
ひがし茶屋街,2024/10/21,6,6
ひがし茶屋街,2024/10/21,7,13
ひがし茶屋街,2024/10/21,8,19
ひがし茶屋街,2024/10/21,9,46
ひがし茶屋街,2024/10/21,10,48
ひがし茶屋街,2024/10/21,11,43
ひがし茶屋街,2024/10/21,12,40
ひがし茶屋街,2024/10/21,13,40
ひがし茶屋街,2024/10/21,14,37
ひがし茶屋街,2024/10/21,15,34
ひがし茶屋街,2024/10/21,16,25
ひがし茶屋街,2024/10/21,17,21
ひがし茶屋街,2024/10/21,18,13
ひがし茶屋街,2024/10/21,19,10
ひがし茶屋街,2024/10/21,20,7
ひがし茶屋街,2024/10/21,21,1
ひがし茶屋街,2024/10/21,22,1
ひがし茶屋街,2024/10/21,23,0
ひがし茶屋街,2024/10/22,0,0
ひがし茶屋街,2024/10/22,1,0
ひがし茶屋街,2024/10/22,2,0
ひがし茶屋街,2024/10/22,3,0
ひがし茶屋街,2024/10/22,4,1
ひがし茶屋街,2024/10/22,5,4
ひがし茶屋街,2024/10/22,6,6
ひがし茶屋街,2024/10/22,7,12
ひがし茶屋街,2024/10/22,8,21
ひがし茶屋街,2024/10/22,9,27
ひがし茶屋街,2024/10/22,10,31
ひがし茶屋街,2024/10/22,11,37
ひがし茶屋街,2024/10/22,12,42
ひがし茶屋街,2024/10/22,13,45
ひがし茶屋街,2024/10/22,14,40
ひがし茶屋街,2024/10/22,15,27
ひがし茶屋街,2024/10/22,16,19
ひがし茶屋街,2024/10/22,17,13
ひがし茶屋街,2024/10/22,18,7
ひがし茶屋街,2024/10/22,19,12
ひがし茶屋街,2024/10/22,20,3
ひがし茶屋街,2024/10/22,21,3
ひがし茶屋街,2024/10/22,22,1
ひがし茶屋街,2024/10/22,23,1
ひがし茶屋街,2024/10/23,0,0
ひがし茶屋街,2024/10/23,1,1
ひがし茶屋街,2024/10/23,2,0
ひがし茶屋街,2024/10/23,3,0
ひがし茶屋街,2024/10/23,4,1
ひがし茶屋街,2024/10/23,5,3
ひがし茶屋街,2024/10/23,6,1
ひがし茶屋街,2024/10/23,7,4
ひがし茶屋街,2024/10/23,8,16
ひがし茶屋街,2024/10/23,9,22
ひがし茶屋街,2024/10/23,10,27
ひがし茶屋街,2024/10/23,11,31
ひがし茶屋街,2024/10/23,12,27
ひがし茶屋街,2024/10/23,13,19
ひがし茶屋街,2024/10/23,14,21
ひがし茶屋街,2024/10/23,15,21
ひがし茶屋街,2024/10/23,16,13
ひがし茶屋街,2024/10/23,17,12
ひがし茶屋街,2024/10/23,18,10
ひがし茶屋街,2024/10/23,19,4
ひがし茶屋街,2024/10/23,20,3
ひがし茶屋街,2024/10/23,21,0
ひがし茶屋街,2024/10/23,22,1
ひがし茶屋街,2024/10/23,23,0
ひがし茶屋街,2024/10/24,0,0
ひがし茶屋街,2024/10/24,1,0
ひがし茶屋街,2024/10/24,2,0
ひがし茶屋街,2024/10/24,3,0
ひがし茶屋街,2024/10/24,4,3
ひがし茶屋街,2024/10/24,5,4
ひがし茶屋街,2024/10/24,6,9
ひがし茶屋街,2024/10/24,7,15
ひがし茶屋街,2024/10/24,8,19
ひがし茶屋街,2024/10/24,9,31
ひがし茶屋街,2024/10/24,10,40
ひがし茶屋街,2024/10/24,11,37
ひがし茶屋街,2024/10/24,12,40
ひがし茶屋街,2024/10/24,13,40
ひがし茶屋街,2024/10/24,14,28
ひがし茶屋街,2024/10/24,15,24
ひがし茶屋街,2024/10/24,16,0
ひがし茶屋街,2024/10/24,17,0
ひがし茶屋街,2024/10/24,18,0
ひがし茶屋街,2024/10/24,19,0
ひがし茶屋街,2024/10/24,20,0
ひがし茶屋街,2024/10/24,21,0
ひがし茶屋街,2024/10/24,22,0
ひがし茶屋街,2024/10/24,23,0
金沢２１世紀美術館,2024/10/16,0,0
金沢２１世紀美術館,2024/10/16,1,0
金沢２１世紀美術館,2024/10/16,2,0
金沢２１世紀美術館,2024/10/16,3,0
金沢２１世紀美術館,2024/10/16,4,0
金沢２１世紀美術館,2024/10/16,5,0
金沢２１世紀美術館,2024/10/16,6,0
金沢２１世紀美術館,2024/10/16,7,0
金沢２１世紀美術館,2024/10/16,8,0
金沢２１世紀美術館,2024/10/16,9,0
金沢２１世紀美術館,2024/10/16,10,0
金沢２１世紀美術館,2024/10/16,11,0
金沢２１世紀美術館,2024/10/16,12,0
金沢２１世紀美術館,2024/10/16,13,0
金沢２１世紀美術館,2024/10/16,14,0
金沢２１世紀美術館,2024/10/16,15,0
金沢２１世紀美術館,2024/10/16,16,0
金沢２１世紀美術館,2024/10/16,17,0
金沢２１世紀美術館,2024/10/16,18,0
金沢２１世紀美術館,2024/10/16,19,0
金沢２１世紀美術館,2024/10/16,20,0
金沢２１世紀美術館,2024/10/16,21,0
金沢２１世紀美術館,2024/10/16,22,0
金沢２１世紀美術館,2024/10/16,23,0
金沢２１世紀美術館,2024/10/17,0,0
金沢２１世紀美術館,2024/10/17,1,0
金沢２１世紀美術館,2024/10/17,2,0
金沢２１世紀美術館,2024/10/17,3,0
金沢２１世紀美術館,2024/10/17,4,0
金沢２１世紀美術館,2024/10/17,5,0
金沢２１世紀美術館,2024/10/17,6,0
金沢２１世紀美術館,2024/10/17,7,0
金沢２１世紀美術館,2024/10/17,8,0
金沢２１世紀美術館,2024/10/17,9,0
金沢２１世紀美術館,2024/10/17,10,0
金沢２１世紀美術館,2024/10/17,11,66
金沢２１世紀美術館,2024/10/17,12,74
金沢２１世紀美術館,2024/10/17,13,80
金沢２１世紀美術館,2024/10/17,14,74
金沢２１世紀美術館,2024/10/17,15,50
金沢２１世紀美術館,2024/10/17,16,48
金沢２１世紀美術館,2024/10/17,17,32
金沢２１世紀美術館,2024/10/17,18,18
金沢２１世紀美術館,2024/10/17,19,20
金沢２１世紀美術館,2024/10/17,20,12
金沢２１世紀美術館,2024/10/17,21,2
金沢２１世紀美術館,2024/10/17,22,2
金沢２１世紀美術館,2024/10/17,23,2
金沢２１世紀美術館,2024/10/18,0,0
金沢２１世紀美術館,2024/10/18,1,0
金沢２１世紀美術館,2024/10/18,2,0
金沢２１世紀美術館,2024/10/18,3,0
金沢２１世紀美術館,2024/10/18,4,2
金沢２１世紀美術館,2024/10/18,5,8
金沢２１世紀美術館,2024/10/18,6,8
金沢２１世紀美術館,2024/10/18,7,20
金沢２１世紀美術館,2024/10/18,8,42
金沢２１世紀美術館,2024/10/18,9,62
金沢２１世紀美術館,2024/10/18,10,66
金沢２１世紀美術館,2024/10/18,11,74
金沢２１世紀美術館,2024/10/18,12,98
金沢２１世紀美術館,2024/10/18,13,102
金沢２１世紀美術館,2024/10/18,14,78
金沢２１世紀美術館,2024/10/18,15,66
金沢２１世紀美術館,2024/10/18,16,54
金沢２１世紀美術館,2024/10/18,17,26
金沢２１世紀美術館,2024/10/18,18,26
金沢２１世紀美術館,2024/10/18,19,18
金沢２１世紀美術館,2024/10/18,20,14
金沢２１世紀美術館,2024/10/18,21,8
金沢２１世紀美術館,2024/10/18,22,0
金沢２１世紀美術館,2024/10/18,23,6
金沢２１世紀美術館,2024/10/19,0,0
金沢２１世紀美術館,2024/10/19,1,0
金沢２１世紀美術館,2024/10/19,2,0
金沢２１世紀美術館,2024/10/19,3,0
金沢２１世紀美術館,2024/10/19,4,2
金沢２１世紀美術館,2024/10/19,5,6
金沢２１世紀美術館,2024/10/19,6,14
金沢２１世紀美術館,2024/10/19,7,26
金沢２１世紀美術館,2024/10/19,8,44
金沢２１世紀美術館,2024/10/19,9,72
金沢２１世紀美術館,2024/10/19,10,80
金沢２１世紀美術館,2024/10/19,11,62
金沢２１世紀美術館,2024/10/19,12,74
金沢２１世紀美術館,2024/10/19,13,84
金沢２１世紀美術館,2024/10/19,14,80
金沢２１世紀美術館,2024/10/19,15,68
金沢２１世紀美術館,2024/10/19,16,54
金沢２１世紀美術館,2024/10/19,17,30
金沢２１世紀美術館,2024/10/19,18,24
金沢２１世紀美術館,2024/10/19,19,20
金沢２１世紀美術館,2024/10/19,20,8
金沢２１世紀美術館,2024/10/19,21,6
金沢２１世紀美術館,2024/10/19,22,2
金沢２１世紀美術館,2024/10/19,23,2
金沢２１世紀美術館,2024/10/20,0,0
金沢２１世紀美術館,2024/10/20,1,0
金沢２１世紀美術館,2024/10/20,2,0
金沢２１世紀美術館,2024/10/20,3,0
金沢２１世紀美術館,2024/10/20,4,2
金沢２１世紀美術館,2024/10/20,5,6
金沢２１世紀美術館,2024/10/20,6,6
金沢２１世紀美術館,2024/10/20,7,20
金沢２１世紀美術館,2024/10/20,8,36
金沢２１世紀美術館,2024/10/20,9,74
金沢２１世紀美術館,2024/10/20,10,74
金沢２１世紀美術館,2024/10/20,11,74
金沢２１世紀美術館,2024/10/20,12,90
金沢２１世紀美術館,2024/10/20,13,96
金沢２１世紀美術館,2024/10/20,14,74
金沢２１世紀美術館,2024/10/20,15,68
金沢２１世紀美術館,2024/10/20,16,44
金沢２１世紀美術館,2024/10/20,17,36
金沢２１世紀美術館,2024/10/20,18,14
金沢２１世紀美術館,2024/10/20,19,18
金沢２１世紀美術館,2024/10/20,20,12
金沢２１世紀美術館,2024/10/20,21,6
金沢２１世紀美術館,2024/10/20,22,2
金沢２１世紀美術館,2024/10/20,23,2
金沢２１世紀美術館,2024/10/21,0,0
金沢２１世紀美術館,2024/10/21,1,0
金沢２１世紀美術館,2024/10/21,2,0
金沢２１世紀美術館,2024/10/21,3,0
金沢２１世紀美術館,2024/10/21,4,2
金沢２１世紀美術館,2024/10/21,5,8
金沢２１世紀美術館,2024/10/21,6,12
金沢２１世紀美術館,2024/10/21,7,26
金沢２１世紀美術館,2024/10/21,8,38
金沢２１世紀美術館,2024/10/21,9,92
金沢２１世紀美術館,2024/10/21,10,96
金沢２１世紀美術館,2024/10/21,11,86
金沢２１世紀美術館,2024/10/21,12,80
金沢２１世紀美術館,2024/10/21,13,80
金沢２１世紀美術館,2024/10/21,14,74
金沢２１世紀美術館,2024/10/21,15,68
金沢２１世紀美術館,2024/10/21,16,50
金沢２１世紀美術館,2024/10/21,17,42
金沢２１世紀美術館,2024/10/21,18,26
金沢２１世紀美術館,2024/10/21,19,20
金沢２１世紀美術館,2024/10/21,20,14
金沢２１世紀美術館,2024/10/21,21,2
金沢２１世紀美術館,2024/10/21,22,2
金沢２１世紀美術館,2024/10/21,23,0
金沢２１世紀美術館,2024/10/22,0,0
金沢２１世紀美術館,2024/10/22,1,0
金沢２１世紀美術館,2024/10/22,2,0
金沢２１世紀美術館,2024/10/22,3,0
金沢２１世紀美術館,2024/10/22,4,2
金沢２１世紀美術館,2024/10/22,5,8
金沢２１世紀美術館,2024/10/22,6,12
金沢２１世紀美術館,2024/10/22,7,24
金沢２１世紀美術館,2024/10/22,8,42
金沢２１世紀美術館,2024/10/22,9,54
金沢２１世紀美術館,2024/10/22,10,62
金沢２１世紀美術館,2024/10/22,11,74
金沢２１世紀美術館,2024/10/22,12,84
金沢２１世紀美術館,2024/10/22,13,90
金沢２１世紀美術館,2024/10/22,14,80
金沢２１世紀美術館,2024/10/22,15,54
金沢２１世紀美術館,2024/10/22,16,38
金沢２１世紀美術館,2024/10/22,17,26
金沢２１世紀美術館,2024/10/22,18,14
金沢２１世紀美術館,2024/10/22,19,24
金沢２１世紀美術館,2024/10/22,20,6
金沢２１世紀美術館,2024/10/22,21,6
金沢２１世紀美術館,2024/10/22,22,2
金沢２１世紀美術館,2024/10/22,23,2
金沢２１世紀美術館,2024/10/23,0,0
金沢２１世紀美術館,2024/10/23,1,2
金沢２１世紀美術館,2024/10/23,2,0
金沢２１世紀美術館,2024/10/23,3,0
金沢２１世紀美術館,2024/10/23,4,2
金沢２１世紀美術館,2024/10/23,5,6
金沢２１世紀美術館,2024/10/23,6,2
金沢２１世紀美術館,2024/10/23,7,8
金沢２１世紀美術館,2024/10/23,8,32
金沢２１世紀美術館,2024/10/23,9,44
金沢２１世紀美術館,2024/10/23,10,54
金沢２１世紀美術館,2024/10/23,11,62
金沢２１世紀美術館,2024/10/23,12,54
金沢２１世紀美術館,2024/10/23,13,38
金沢２１世紀美術館,2024/10/23,14,42
金沢２１世紀美術館,2024/10/23,15,42
金沢２１世紀美術館,2024/10/23,16,26
金沢２１世紀美術館,2024/10/23,17,24
金沢２１世紀美術館,2024/10/23,18,20
金沢２１世紀美術館,2024/10/23,19,8
金沢２１世紀美術館,2024/10/23,20,6
金沢２１世紀美術館,2024/10/23,21,0
金沢２１世紀美術館,2024/10/23,22,2
金沢２１世紀美術館,2024/10/23,23,0
金沢２１世紀美術館,2024/10/24,0,0
金沢２１世紀美術館,2024/10/24,1,0
金沢２１世紀美術館,2024/10/24,2,0
金沢２１世紀美術館,2024/10/24,3,0
金沢２１世紀美術館,2024/10/24,4,6
金沢２１世紀美術館,2024/10/24,5,8
金沢２１世紀美術館,2024/10/24,6,18
金沢２１世紀美術館,2024/10/24,7,30
金沢２１世紀美術館,2024/10/24,8,38
金沢２１世紀美術館,2024/10/24,9,62
金沢２１世紀美術館,2024/10/24,10,80
金沢２１世紀美術館,2024/10/24,11,74
金沢２１世紀美術館,2024/10/24,12,80
金沢２１世紀美術館,2024/10/24,13,80
金沢２１世紀美術館,2024/10/24,14,56
金沢２１世紀美術館,2024/10/24,15,48
金沢２１世紀美術館,2024/10/24,16,0
金沢２１世紀美術館,2024/10/24,17,0
金沢２１世紀美術館,2024/10/24,18,0
金沢２１世紀美術館,2024/10/24,19,0
金沢２１世紀美術館,2024/10/24,20,0
金沢２１世紀美術館,2024/10/24,21,0
金沢２１世紀美術館,2024/10/24,22,0
金沢２１世紀美術館,2024/10/24,23,0
金沢駅,2024/10/16,0,0
金沢駅,2024/10/16,1,0
金沢駅,2024/10/16,2,0
金沢駅,2024/10/16,3,0
金沢駅,2024/10/16,4,0
金沢駅,2024/10/16,5,0
金沢駅,2024/10/16,6,0
金沢駅,2024/10/16,7,0
金沢駅,2024/10/16,8,0
金沢駅,2024/10/16,9,0
金沢駅,2024/10/16,10,0
金沢駅,2024/10/16,11,0
金沢駅,2024/10/16,12,0
金沢駅,2024/10/16,13,0
金沢駅,2024/10/16,14,0
金沢駅,2024/10/16,15,0
金沢駅,2024/10/16,16,0
金沢駅,2024/10/16,17,0
金沢駅,2024/10/16,18,0
金沢駅,2024/10/16,19,0
金沢駅,2024/10/16,20,0
金沢駅,2024/10/16,21,0
金沢駅,2024/10/16,22,0
金沢駅,2024/10/16,23,0
金沢駅,2024/10/17,0,0
金沢駅,2024/10/17,1,0
金沢駅,2024/10/17,2,0
金沢駅,2024/10/17,3,0
金沢駅,2024/10/17,4,0
金沢駅,2024/10/17,5,0
金沢駅,2024/10/17,6,0
金沢駅,2024/10/17,7,0
金沢駅,2024/10/17,8,0
金沢駅,2024/10/17,9,0
金沢駅,2024/10/17,10,0
金沢駅,2024/10/17,11,26
金沢駅,2024/10/17,12,29
金沢駅,2024/10/17,13,32
金沢駅,2024/10/17,14,29
金沢駅,2024/10/17,15,20
金沢駅,2024/10/17,16,19
金沢駅,2024/10/17,17,12
金沢駅,2024/10/17,18,7
金沢駅,2024/10/17,19,8
金沢駅,2024/10/17,20,4
金沢駅,2024/10/17,21,0
金沢駅,2024/10/17,22,0
金沢駅,2024/10/17,23,0
金沢駅,2024/10/18,0,0
金沢駅,2024/10/18,1,0
金沢駅,2024/10/18,2,0
金沢駅,2024/10/18,3,0
金沢駅,2024/10/18,4,0
金沢駅,2024/10/18,5,3
金沢駅,2024/10/18,6,3
金沢駅,2024/10/18,7,8
金沢駅,2024/10/18,8,16
金沢駅,2024/10/18,9,24
金沢駅,2024/10/18,10,26
金沢駅,2024/10/18,11,29
金沢駅,2024/10/18,12,39
金沢駅,2024/10/18,13,40
金沢駅,2024/10/18,14,31
金沢駅,2024/10/18,15,26
金沢駅,2024/10/18,16,21
金沢駅,2024/10/18,17,10
金沢駅,2024/10/18,18,10
金沢駅,2024/10/18,19,7
金沢駅,2024/10/18,20,5
金沢駅,2024/10/18,21,3
金沢駅,2024/10/18,22,0
金沢駅,2024/10/18,23,2
金沢駅,2024/10/19,0,0
金沢駅,2024/10/19,1,0
金沢駅,2024/10/19,2,0
金沢駅,2024/10/19,3,0
金沢駅,2024/10/19,4,0
金沢駅,2024/10/19,5,2
金沢駅,2024/10/19,6,5
金沢駅,2024/10/19,7,10
金沢駅,2024/10/19,8,17
金沢駅,2024/10/19,9,28
金沢駅,2024/10/19,10,32
金沢駅,2024/10/19,11,24
金沢駅,2024/10/19,12,29
金沢駅,2024/10/19,13,33
金沢駅,2024/10/19,14,32
金沢駅,2024/10/19,15,27
金沢駅,2024/10/19,16,21
金沢駅,2024/10/19,17,12
金沢駅,2024/10/19,18,9
金沢駅,2024/10/19,19,8
金沢駅,2024/10/19,20,3
金沢駅,2024/10/19,21,2
金沢駅,2024/10/19,22,0
金沢駅,2024/10/19,23,0
金沢駅,2024/10/20,0,0
金沢駅,2024/10/20,1,0
金沢駅,2024/10/20,2,0
金沢駅,2024/10/20,3,0
金沢駅,2024/10/20,4,0
金沢駅,2024/10/20,5,2
金沢駅,2024/10/20,6,2
金沢駅,2024/10/20,7,8
金沢駅,2024/10/20,8,14
金沢駅,2024/10/20,9,29
金沢駅,2024/10/20,10,29
金沢駅,2024/10/20,11,29
金沢駅,2024/10/20,12,36
金沢駅,2024/10/20,13,38
金沢駅,2024/10/20,14,29
金沢駅,2024/10/20,15,27
金沢駅,2024/10/20,16,17
金沢駅,2024/10/20,17,14
金沢駅,2024/10/20,18,5
金沢駅,2024/10/20,19,7
金沢駅,2024/10/20,20,4
金沢駅,2024/10/20,21,2
金沢駅,2024/10/20,22,0
金沢駅,2024/10/20,23,0
金沢駅,2024/10/21,0,0
金沢駅,2024/10/21,1,0
金沢駅,2024/10/21,2,0
金沢駅,2024/10/21,3,0
金沢駅,2024/10/21,4,0
金沢駅,2024/10/21,5,3
金沢駅,2024/10/21,6,4
金沢駅,2024/10/21,7,10
金沢駅,2024/10/21,8,15
金沢駅,2024/10/21,9,36
金沢駅,2024/10/21,10,38
金沢駅,2024/10/21,11,34
金沢駅,2024/10/21,12,32
金沢駅,2024/10/21,13,32
金沢駅,2024/10/21,14,29
金沢駅,2024/10/21,15,27
金沢駅,2024/10/21,16,20
金沢駅,2024/10/21,17,16
金沢駅,2024/10/21,18,10
金沢駅,2024/10/21,19,8
金沢駅,2024/10/21,20,5
金沢駅,2024/10/21,21,0
金沢駅,2024/10/21,22,0
金沢駅,2024/10/21,23,0
金沢駅,2024/10/22,0,0
金沢駅,2024/10/22,1,0
金沢駅,2024/10/22,2,0
金沢駅,2024/10/22,3,0
金沢駅,2024/10/22,4,0
金沢駅,2024/10/22,5,3
金沢駅,2024/10/22,6,4
金沢駅,2024/10/22,7,9
金沢駅,2024/10/22,8,16
金沢駅,2024/10/22,9,21
金沢駅,2024/10/22,10,24
金沢駅,2024/10/22,11,29
金沢駅,2024/10/22,12,33
金沢駅,2024/10/22,13,36
金沢駅,2024/10/22,14,32
金沢駅,2024/10/22,15,21
金沢駅,2024/10/22,16,15
金沢駅,2024/10/22,17,10
金沢駅,2024/10/22,18,5
金沢駅,2024/10/22,19,9
金沢駅,2024/10/22,20,2
金沢駅,2024/10/22,21,2
金沢駅,2024/10/22,22,0
金沢駅,2024/10/22,23,0
金沢駅,2024/10/23,0,0
金沢駅,2024/10/23,1,0
金沢駅,2024/10/23,2,0
金沢駅,2024/10/23,3,0
金沢駅,2024/10/23,4,0
金沢駅,2024/10/23,5,2
金沢駅,2024/10/23,6,0
金沢駅,2024/10/23,7,3
金沢駅,2024/10/23,8,12
金沢駅,2024/10/23,9,17
金沢駅,2024/10/23,10,21
金沢駅,2024/10/23,11,24
金沢駅,2024/10/23,12,21
金沢駅,2024/10/23,13,15
金沢駅,2024/10/23,14,16
金沢駅,2024/10/23,15,16
金沢駅,2024/10/23,16,10
金沢駅,2024/10/23,17,9
金沢駅,2024/10/23,18,8
金沢駅,2024/10/23,19,3
金沢駅,2024/10/23,20,2
金沢駅,2024/10/23,21,0
金沢駅,2024/10/23,22,0
金沢駅,2024/10/23,23,0
金沢駅,2024/10/24,0,0
金沢駅,2024/10/24,1,0
金沢駅,2024/10/24,2,0
金沢駅,2024/10/24,3,0
金沢駅,2024/10/24,4,2
金沢駅,2024/10/24,5,3
金沢駅,2024/10/24,6,7
金沢駅,2024/10/24,7,12
金沢駅,2024/10/24,8,15
金沢駅,2024/10/24,9,24
金沢駅,2024/10/24,10,32
金沢駅,2024/10/24,11,29
金沢駅,2024/10/24,12,32
金沢駅,2024/10/24,13,32
金沢駅,2024/10/24,14,22
金沢駅,2024/10/24,15,19
金沢駅,2024/10/24,16,0
金沢駅,2024/10/24,17,0
金沢駅,2024/10/24,18,0
金沢駅,2024/10/24,19,0
金沢駅,2024/10/24,20,0
金沢駅,2024/10/24,21,0
金沢駅,2024/10/24,22,0
金沢駅,2024/10/24,23,0
